APP_ID_C,target
app_108941,0.007493142505929789
app_108942,0.00241894276119918
app_108943,0.021127605266626485
app_108944,0.017743915195510596
app_108945,0.007436511380134203
